Workbook

Sheet CNAPP_Taxonomy
A1: Domain | B1: Domain Name | C1: Capability ID | D1: Capability Name | E1: Description
A2: Domain 1 | B2: Shift-Left & Supply Chain | C2: SL-1 | D2: Image Vulnerability Scanning | E2: Static scanning of container images prior to deployment
A3: Domain 1 | B3: Shift-Left & Supply Chain | C3: SL-2 | D3: Infrastructure-as-Code Policy Validation | E3: Static policy analysis of infrastructure-as-code templates
A4: Domain 1 | B4: Shift-Left & Supply Chain | C4: SL-3 | D4: Image Signature Verification | E4: Cryptographic verification of image provenance
A5: Domain 1 | B5: Shift-Left & Supply Chain | C5: SL-4 | D5: Secrets Detection in Source Artifacts | E5: Detection of embedded credentials in source artifacts
A6: Domain 1 | B6: Shift-Left & Supply Chain | C6: SL-5 | D6: SBOM Generation & Validation | E6: Software bill of materials generation and validation
A7: Domain 2 | B7: Posture Management (CSPM/KSPM) | C7: PM-1 | D7: Kubernetes RBAC Drift Detection | E7: Detection of RBAC configuration drift in Kubernetes
A8: Domain 2 | B8: Posture Management (CSPM/KSPM) | C8: PM-2 | D8: Cloud IAM Effective Permission Analysis | E8: Evaluation of effective IAM permissions
A9: Domain 2 | B9: Posture Management (CSPM/KSPM) | C9: PM-3 | D9: Security Group Drift Detection | E9: Detection of unintended security group changes
A10: Domain 2 | B10: Posture Management (CSPM/KSPM) | C10: PM-4 | D10: CIS Benchmark Compliance Validation | E10: Validation against CIS security benchmarks
A11: Domain 2 | B11: Posture Management (CSPM/KSPM) | C11: PM-5 | D11: Public Resource Exposure Discovery | E11: Identification of publicly exposed resources
A12: Domain 3 | B12: Identity & Entitlements (CIEM) | C12: IE-1 | D12: Excess Privilege Detection | E12: Identification of over-privileged identities
... A36: Domain 7 | B36: Detection & Response Automation | C36: DR-5 | D36: Network Isolation Automation | E36: Automated network isolation procedures

Sheet CNAPP_ZTA_Mapping
A1: Domain | B1: Domain Name | C1: Capability ID | D1: Capability Name | E1: ZT Tenet (Primary) | F1: ZTA Component(s) | G1: Decision Type (Prevent/Detect/Contain/Recover) | H1: Alignment (Direct/Indirect/Not Covered) | I1: Applies To (K8s/VM/AWS) | J1: Trust Signal Category (IR/VR/RR/ER) | K1: Notes / Assumptions
A2: Domain 1 | B2: Shift-Left & Supply Chain | C2: SL-1 | D2: Image Vulnerability Scanning | E2: Continuous Verification | F2: Telemetry → PE | G2: Detect | H2: Indirect | I2: K8s | J2: VR | K2: Image scan results inform deploy/runtime risk scoring; enforcement via gating or admission required.
A3: Domain 1 | B3: Shift-Left & Supply Chain | C3: SL-2 | D3: Infrastructure-as-Code Policy Validation | E3: Least Privilege | F3: Telemetry → PA | G3: Prevent | H3: Indirect | I3: AWS,K8s | J3: VR | K3: IaC policy results can drive remediation PRs or pipeline gates; not enforcement without automation.
A4: Domain 1 | B4: Shift-Left & Supply Chain | C4: SL-3 | D4: Image Signature Verification | E4: Continuous Verification | F4: PEP (K8s Admission) | G4: Prevent | H4: Direct | I4: K8s | J4: IR | K4: Treat provenance/signature as trust prerequisite for deployment.
A5: Domain 1 | B5: Shift-Left & Supply Chain | C5: SL-4 | D5: Secrets Detection in Source Artifacts | E5: Assume Breach | F5: Telemetry → PE | G5: Detect | H5: Indirect | I5: AWS,K8s | J5: IR | K5: Secret findings should trigger revocation/rotation to become enforcement.
A6: Domain 1 | B6: Shift-Left & Supply Chain | C6: SL-5 | D6: SBOM Generation & Validation | E6: Continuous Verification | F6: Telemetry → PE | G6: Detect | H6: Indirect | I6: K8s,VM | J6: VR | K6: SBOM provides dependency visibility; enforcement requires policy gates (e.g., banned packages).
A7: Domain 2 | B7: Posture Management (CSPM/KSPM) | C7: PM-1 | D7: Kubernetes RBAC Drift Detection | E7: Least Privilege | F7: Telemetry → PE | G7: Detect | H7: Indirect | I7: K8s | J7: VR | K7: RBAC drift is posture signal; enforcement via PA updating RBAC/admission required.
A8: Domain 2 | B8: Posture Management (CSPM/KSPM) | C8: PM-2 | D8: Cloud IAM Effective Permission Analysis | E8: Least Privilege | F8: Telemetry → PE | G8: Detect | H8: Indirect | I8: AWS | J8: VR | K8: Effective permissions/entitlement graph informs trust decisions; remediation separate.
A9: Domain 2 | B9: Posture Management (CSPM/KSPM) | C9: PM-3 | D9: Security Group Drift Detection | E9: Assume Breach | F9: Telemetry → PA | G9: Contain | H9: Indirect | I9: AWS | J9: ER | K9: SG drift indicates exposure; enforcement requires automated rollback or guardrails.
A10: Domain 2 | B10: Posture Management (CSPM/KSPM) | C10: PM-4 | D10: CIS Benchmark Compliance Validation | E10: Continuous Verification | F10: Telemetry → PE | G10: Detect | H10: Indirect | I10: K8s,VM | J10: VR | K10: Benchmark compliance is posture telemetry; enforcement via hardening/PA automation.
A11: Domain 2 | B11: Posture Management (CSPM/KSPM) | C11: PM-5 | D11: Public Resource Exposure Discovery | E11: Assume Breach | F11: Telemetry → PE | G11: Detect | H11: Indirect | I11: AWS,K8s | J11: ER | K11: Public exposure findings must drive SG/Ingress restriction actions to be direct.
A12: Domain 3 | B12: Identity & Entitlements (CIEM) | C12: IE-1 | D12: Excess Privilege Detection | E12: Least Privilege | F12: Telemetry → PE | G12: Detect | H12: Indirect | I12: AWS,K8s | J12: IR | K12: Excess privilege detection informs PE; direct alignment if paired with automated least-privilege reduction.
... A36: Domain 7 | B36: Detection & Response Automation | C36: DR-5 | D36: Network Isolation Automation | E36: Assume Breach | F36: PA → PEP (Network Isolation) | G36: Contain | H36: Direct | I36: K8s,VM,AWS | J36: ER | K36: Automated isolation via NetworkPolicy/host firewall/SG lockdown.

Sheet Alignment_Density_Summary
A1: Domain | B1: Total Capabilities | C1: Direct Count | D1: Indirect Count | E1: Not Covered Count | F1: Direct (%) | G1: Indirect (%) | H1: Not Covered (%) | I1: ELR (Direct/(Direct+Indirect)) | J1: ELR_cov (Direct/Total)
A2: Domain 1 | B2: =COUNTIF(CNAPP_ZTA_Mapping!A:A, "Domain 1") -> 5 | C2: =COUNTIFS(CNAPP_ZTA_Mapping!A:A, "Domain 1", CNAPP_ZTA_Mapping!H:H, "Direct") -> 1 | D2: =COUNTIFS(CNAPP_ZTA_Mapping!A:A, "Domain 1", CNAPP_ZTA_Mapping!H:H, "Indirect") -> 4 | E2: =COUNTIFS(CNAPP_ZTA_Mapping!A:A, "Domain 1", CNAPP_ZTA_Mapping!H:H, "Not Covered") -> 0 | F2: =IF(B2>0, C2/B2, 0) -> 0.2 | G2: =IF(B2>0, D2/B2, 0) -> 0.8 | H2: =IF(B2>0, E2/B2, 0) -> 0 | I2: =IF((C2+D2)>0, C2/(C2+D2), 0) -> 0.2 | J2: =IF(B2>0, C2/B2, 0) -> 0.2
A3: Domain 2 | B3: =COUNTIF(CNAPP_ZTA_Mapping!A:A, "Domain 2") -> 5 | C3: =COUNTIFS(CNAPP_ZTA_Mapping!A:A, "Domain 2", CNAPP_ZTA_Mapping!H:H, "Direct") -> 0 | D3: =COUNTIFS(CNAPP_ZTA_Mapping!A:A, "Domain 2", CNAPP_ZTA_Mapping!H:H, "Indirect") -> 5 | E3: =COUNTIFS(CNAPP_ZTA_Mapping!A:A, "Domain 2", CNAPP_ZTA_Mapping!H:H, "Not Covered") -> 0 | F3: =IF(B3>0, C3/B3, 0) -> 0 | G3: =IF(B3>0, D3/B3, 0) -> 1 | H3: =IF(B3>0, E3/B3, 0) -> 0 | I3: =IF((C3+D3)>0, C3/(C3+D3), 0) -> 0 | J3: =IF(B3>0, C3/B3, 0) -> 0
A4: Domain 3 | B4: =COUNTIF(CNAPP_ZTA_Mapping!A:A, "Domain 3") -> 5 | C4: =COUNTIFS(CNAPP_ZTA_Mapping!A:A, "Domain 3", CNAPP_ZTA_Mapping!H:H, "Direct") -> 2 | D4: =COUNTIFS(CNAPP_ZTA_Mapping!A:A, "Domain 3", CNAPP_ZTA_Mapping!H:H, "Indirect") -> 3 | E4: =COUNTIFS(CNAPP_ZTA_Mapping!A:A, "Domain 3", CNAPP_ZTA_Mapping!H:H, "Not Covered") -> 0 | F4: =IF(B4>0, C4/B4, 0) -> 0.4 | G4: =IF(B4>0, D4/B4, 0) -> 0.6 | H4: =IF(B4>0, E4/B4, 0) -> 0 | I4: =IF((C4+D4)>0, C4/(C4+D4), 0) -> 0.4 | J4: =IF(B4>0, C4/B4, 0) -> 0.4
A5: Domain 4 | B5: =COUNTIF(CNAPP_ZTA_Mapping!A:A, "Domain 4") -> 5 | C5: =COUNTIFS(CNAPP_ZTA_Mapping!A:A, "Domain 4", CNAPP_ZTA_Mapping!H:H, "Direct") -> 1 | D5: =COUNTIFS(CNAPP_ZTA_Mapping!A:A, "Domain 4", CNAPP_ZTA_Mapping!H:H, "Indirect") -> 4 | E5: =COUNTIFS(CNAPP_ZTA_Mapping!A:A, "Domain 4", CNAPP_ZTA_Mapping!H:H, "Not Covered") -> 0 | F5: =IF(B5>0, C5/B5, 0) -> 0.2 | G5: =IF(B5>0, D5/B5, 0) -> 0.8 | H5: =IF(B5>0, E5/B5, 0) -> 0 | I5: =IF((C5+D5)>0, C5/(C5+D5), 0) -> 0.2 | J5: =IF(B5>0, C5/B5, 0) -> 0.2
A6: Domain 5 | B6: =COUNTIF(CNAPP_ZTA_Mapping!A:A, "Domain 5") -> 5 | C6: =COUNTIFS(CNAPP_ZTA_Mapping!A:A, "Domain 5", CNAPP_ZTA_Mapping!H:H, "Direct") -> 5 | D6: =COUNTIFS(CNAPP_ZTA_Mapping!A:A, "Domain 5", CNAPP_ZTA_Mapping!H:H, "Indirect") -> 0 | E6: =COUNTIFS(CNAPP_ZTA_Mapping!A:A, "Domain 5", CNAPP_ZTA_Mapping!H:H, "Not Covered") -> 0 | F6: =IF(B6>0, C6/B6, 0) -> 1 | G6: =IF(B6>0, D6/B6, 0) -> 0 | H6: =IF(B6>0, E6/B6, 0) -> 0 | I6: =IF((C6+D6)>0, C6/(C6+D6), 0) -> 1 | J6: =IF(B6>0, C6/B6, 0) -> 1
A7: Domain 6 | B7: =COUNTIF(CNAPP_ZTA_Mapping!A:A, "Domain 6") -> 5 | C7: =COUNTIFS(CNAPP_ZTA_Mapping!A:A, "Domain 6", CNAPP_ZTA_Mapping!H:H, "Direct") -> 2 | D7: =COUNTIFS(CNAPP_ZTA_Mapping!A:A, "Domain 6", CNAPP_ZTA_Mapping!H:H, "Indirect") -> 3 | E7: =COUNTIFS(CNAPP_ZTA_Mapping!A:A, "Domain 6", CNAPP_ZTA_Mapping!H:H, "Not Covered") -> 0 | F7: =IF(B7>0, C7/B7, 0) -> 0.4 | G7: =IF(B7>0, D7/B7, 0) -> 0.6 | H7: =IF(B7>0, E7/B7, 0) -> 0 | I7: =IF((C7+D7)>0, C7/(C7+D7), 0) -> 0.4 | J7: =IF(B7>0, C7/B7, 0) -> 0.4
A8: Domain 7 | B8: =COUNTIF(CNAPP_ZTA_Mapping!A:A, "Domain 7") -> 5 | C8: =COUNTIFS(CNAPP_ZTA_Mapping!A:A, "Domain 7", CNAPP_ZTA_Mapping!H:H, "Direct") -> 3 | D8: =COUNTIFS(CNAPP_ZTA_Mapping!A:A, "Domain 7", CNAPP_ZTA_Mapping!H:H, "Indirect") -> 2 | E8: =COUNTIFS(CNAPP_ZTA_Mapping!A:A, "Domain 7", CNAPP_ZTA_Mapping!H:H, "Not Covered") -> 0 | F8: =IF(B8>0, C8/B8, 0) -> 0.6 | G8: =IF(B8>0, D8/B8, 0) -> 0.4 | H8: =IF(B8>0, E8/B8, 0) -> 0 | I8: =IF((C8+D8)>0, C8/(C8+D8), 0) -> 0.6 | J8: =IF(B8>0, C8/B8, 0) -> 0.6

Sheet ZTA_Component_Distribution
A1: Domain | B1: Total Capabilities | C1: PE Count | D1: PA Count | E1: PEP Count | F1: Telemetry Count | G1: PE (%) | H1: PA (%) | I1: PEP (%) | J1: Telemetry (%)
A2: Domain 1 | B2: =COUNTIF(CNAPP_ZTA_Mapping!A:A, "Domain 1") -> 5 | C2: =COUNTIFS(CNAPP_ZTA_Mapping!A:A, "Domain 1", CNAPP_ZTA_Mapping!F:F, "*PE*") -> 4 | D2: =COUNTIFS(CNAPP_ZTA_Mapping!A:A, "Domain 1", CNAPP_ZTA_Mapping!F:F, "*PA*") -> 1 | E2: =COUNTIFS(CNAPP_ZTA_Mapping!A:A, "Domain 1", CNAPP_ZTA_Mapping!F:F, "*PEP*") -> 1 | F2: =COUNTIFS(CNAPP_ZTA_Mapping!A:A, "Domain 1", CNAPP_ZTA_Mapping!F:F, "*Telemetry*") -> 4 | G2: =IF(B2>0, C2/B2, 0) -> 0.8 | H2: =IF(B2>0, D2/B2, 0) -> 0.2 | I2: =IF(B2>0, E2/B2, 0) -> 0.2 | J2: =IF(B2>0, F2/B2, 0) -> 0.8
A3: Domain 2 | B3: =COUNTIF(CNAPP_ZTA_Mapping!A:A, "Domain 2") -> 5 | C3: =COUNTIFS(CNAPP_ZTA_Mapping!A:A, "Domain 2", CNAPP_ZTA_Mapping!F:F, "*PE*") -> 4 | D3: =COUNTIFS(CNAPP_ZTA_Mapping!A:A, "Domain 2", CNAPP_ZTA_Mapping!F:F, "*PA*") -> 1 | E3: =COUNTIFS(CNAPP_ZTA_Mapping!A:A, "Domain 2", CNAPP_ZTA_Mapping!F:F, "*PEP*") -> 0 | F3: =COUNTIFS(CNAPP_ZTA_Mapping!A:A, "Domain 2", CNAPP_ZTA_Mapping!F:F, "*Telemetry*") -> 5 | G3: =IF(B3>0, C3/B3, 0) -> 0.8 | H3: =IF(B3>0, D3/B3, 0) -> 0.2 | I3: =IF(B3>0, E3/B3, 0) -> 0 | J3: =IF(B3>0, F3/B3, 0) -> 1
A4: Domain 3 | B4: =COUNTIF(CNAPP_ZTA_Mapping!A:A, "Domain 3") -> 5 | C4: =COUNTIFS(CNAPP_ZTA_Mapping!A:A, "Domain 3", CNAPP_ZTA_Mapping!F:F, "*PE*") -> 5 | D4: =COUNTIFS(CNAPP_ZTA_Mapping!A:A, "Domain 3", CNAPP_ZTA_Mapping!F:F, "*PA*") -> 1 | E4: =COUNTIFS(CNAPP_ZTA_Mapping!A:A, "Domain 3", CNAPP_ZTA_Mapping!F:F, "*PEP*") -> 2 | F4: =COUNTIFS(CNAPP_ZTA_Mapping!A:A, "Domain 3", CNAPP_ZTA_Mapping!F:F, "*Telemetry*") -> 3 | G4: =IF(B4>0, C4/B4, 0) -> 1 | H4: =IF(B4>0, D4/B4, 0) -> 0.2 | I4: =IF(B4>0, E4/B4, 0) -> 0.4 | J4: =IF(B4>0, F4/B4, 0) -> 0.6
A5: Domain 4 | B5: =COUNTIF(CNAPP_ZTA_Mapping!A:A, "Domain 4") -> 5 | C5: =COUNTIFS(CNAPP_ZTA_Mapping!A:A, "Domain 4", CNAPP_ZTA_Mapping!F:F, "*PE*") -> 5 | D5: =COUNTIFS(CNAPP_ZTA_Mapping!A:A, "Domain 4", CNAPP_ZTA_Mapping!F:F, "*PA*") -> 1 | E5: =COUNTIFS(CNAPP_ZTA_Mapping!A:A, "Domain 4", CNAPP_ZTA_Mapping!F:F, "*PEP*") -> 1 | F5: =COUNTIFS(CNAPP_ZTA_Mapping!A:A, "Domain 4", CNAPP_ZTA_Mapping!F:F, "*Telemetry*") -> 4 | G5: =IF(B5>0, C5/B5, 0) -> 1 | H5: =IF(B5>0, D5/B5, 0) -> 0.2 | I5: =IF(B5>0, E5/B5, 0) -> 0.2 | J5: =IF(B5>0, F5/B5, 0) -> 0.8
A6: Domain 5 | B6: =COUNTIF(CNAPP_ZTA_Mapping!A:A, "Domain 5") -> 5 | C6: =COUNTIFS(CNAPP_ZTA_Mapping!A:A, "Domain 5", CNAPP_ZTA_Mapping!F:F, "*PE*") -> 5 | D6: =COUNTIFS(CNAPP_ZTA_Mapping!A:A, "Domain 5", CNAPP_ZTA_Mapping!F:F, "*PA*") -> 0 | E6: =COUNTIFS(CNAPP_ZTA_Mapping!A:A, "Domain 5", CNAPP_ZTA_Mapping!F:F, "*PEP*") -> 5 | F6: =COUNTIFS(CNAPP_ZTA_Mapping!A:A, "Domain 5", CNAPP_ZTA_Mapping!F:F, "*Telemetry*") -> 0 | G6: =IF(B6>0, C6/B6, 0) -> 1 | H6: =IF(B6>0, D6/B6, 0) -> 0 | I6: =IF(B6>0, E6/B6, 0) -> 1 | J6: =IF(B6>0, F6/B6, 0) -> 0
A7: Domain 6 | B7: =COUNTIF(CNAPP_ZTA_Mapping!A:A, "Domain 6") -> 5 | C7: =COUNTIFS(CNAPP_ZTA_Mapping!A:A, "Domain 6", CNAPP_ZTA_Mapping!F:F, "*PE*") -> 4 | D7: =COUNTIFS(CNAPP_ZTA_Mapping!A:A, "Domain 6", CNAPP_ZTA_Mapping!F:F, "*PA*") -> 1 | E7: =COUNTIFS(CNAPP_ZTA_Mapping!A:A, "Domain 6", CNAPP_ZTA_Mapping!F:F, "*PEP*") -> 2 | F7: =COUNTIFS(CNAPP_ZTA_Mapping!A:A, "Domain 6", CNAPP_ZTA_Mapping!F:F, "*Telemetry*") -> 2 | G7: =IF(B7>0, C7/B7, 0) -> 0.8 | H7: =IF(B7>0, D7/B7, 0) -> 0.2 | I7: =IF(B7>0, E7/B7, 0) -> 0.4 | J7: =IF(B7>0, F7/B7, 0) -> 0.4
A8: Domain 7 | B8: =COUNTIF(CNAPP_ZTA_Mapping!A:A, "Domain 7") -> 5 | C8: =COUNTIFS(CNAPP_ZTA_Mapping!A:A, "Domain 7", CNAPP_ZTA_Mapping!F:F, "*PE*") -> 4 | D8: =COUNTIFS(CNAPP_ZTA_Mapping!A:A, "Domain 7", CNAPP_ZTA_Mapping!F:F, "*PA*") -> 4 | E8: =COUNTIFS(CNAPP_ZTA_Mapping!A:A, "Domain 7", CNAPP_ZTA_Mapping!F:F, "*PEP*") -> 3 | F8: =COUNTIFS(CNAPP_ZTA_Mapping!A:A, "Domain 7", CNAPP_ZTA_Mapping!F:F, "*Telemetry*") -> 0 | G8: =IF(B8>0, C8/B8, 0) -> 0.8 | H8: =IF(B8>0, D8/B8, 0) -> 0.8 | I8: =IF(B8>0, E8/B8, 0) -> 0.6 | J8: =IF(B8>0, F8/B8, 0) -> 0

Sheet Decision_to_PEP_Actions
A1: Decision to PEP Actions Mapping (Structured)
A2: Decision | B2: K8s Admission Action | C2: K8s NetworkPolicy Action | D2: K8s Runtime Action | E2: VM Host Firewall Action | F2: VM Runtime/EDR Action | G2: AWS IAM Action | H2: AWS Network (SG/NACL) Action | I2: PA Orchestration Trigger | J2: PE Decision Rationale Tag | K2: Notes
A3: ALLOW | B3: No change | C3: No change | D3: Monitor | E3: No change | F3: Monitor | G3: No change | H3: No change | I3: None | J3: TS below allow threshold
A4: RESTRICT | B4: Tighten admission policy (optional) | C4: Apply egress restriction profile | D4: Increase alert sensitivity | E4: Restrict outbound to approved destinations | F4: Enable blocklist rules (if available) | G4: Apply session constraints / reduce permissions (policy boundary) | H4: Tighten SG egress; remove wide ingress | I4: Trigger: Restrict playbook | J4: TS in restrict range
A5: QUARANTINE | B5: Block new deploys for workload/namespace | C5: Quarantine namespace/pod; deny east-west except IR tools | D5: Suspend/evict pod or isolate node (if supported) | E5: Isolate host: block all except IR VLAN/collector | F5: Kill suspicious process; contain host | G5: Revoke STS sessions for related role; disable access keys | H5: Lockdown SG to IR endpoints only | I5: Trigger: Quarantine playbook | J5: TS in quarantine range
A6: ISOLATE | B6: Deny deploy; freeze namespace changes | C6: Full isolate: default deny (except IR) | D6: Evict + cordon; snapshot if applicable | E6: Full host isolation (drop all) | F6: Containment mode + evidence capture | G6: Revoke role, rotate secrets, require re-auth | H6: SG/NACL deny all; move to quarantine subnet | I6: Trigger: Isolate playbook | J6: TS in isolate range
A7: DENY (Gate Triggered) | B7: Deny admission (hard gate) | C7: Apply emergency deny profile (optional) | D7: N/A | E7: N/A | F7: N/A | G7: Revoke if credential-related gate | H7: Lockdown if exposure-related gate | I7: Trigger: Gate remediation workflow | J7: Hard gate violation

Sheet Trust_Decision_Simulator
A1: Trust Decision Simulator (IR/VR/RR/ER → Trust Score → Action) | J1: Trust Algorithm Operational How-To Guide
A3: Inputs (0.0 to 1.0) | D3: Weights (sum to 1.0) | J3: 1. Purpose
A4: Identity Risk (IR) | B4: 0.2 | D4: α (IR weight) | E4: 0.25 | G4: Weight Sum | H4: =E4+E5+E6+E7 -> 1 | J4: Continuously evaluate workload and identity risk across Kubernetes, VMs, and AWS to determine whether to Allow, Restrict, Quarantine, or Isolate access.
A5: Vuln/Posture Risk (VR) | B5: 0.3 | D5: β (VR weight) | E5: 0.25
A6: Runtime Risk (RR) | B6: 0.4 | D6: γ (RR weight) | E6: 0.3 | J6: 2. Risk Inputs (0.0–1.0)
A7: Exposure Risk (ER) | B7: 0.3 | D7: δ (ER weight) | E7: 0.2 | J7: IR – Identity Risk VR – Vulnerability/Posture Risk RR – Runtime Risk ER – Exposure Risk BR – Blast Radius
A8: Blast Radius (BR) | B8: 0.2 | D8: λ (BR multiplier) | E8: 0.5
J9: 3. Trust Score
A10: Gating Rules (1=True, 0=False) | D10: Gating Result | J10: TS = (IR*α) + (VR*β) + (RR*γ) + (ER*δ) TS' = TS * (1 + λ*BR)
A11: G1 Unsigned Image | B11: 0 | D11: Any Gate? | E11: =IF(SUM(B11:B14)>0,1,0) -> 0
A12: G2 Privileged Workload | B12: 0 | J12: 4. Gating Rules
A13: G3 Workload Identity Missing | B13: 0 | D13: Trust Score (TS) | G13: Thresholds | J13: Immediate DENY if unsigned image, privileged workload, missing identity, or public exposure + critical vulnerability.
A14: G4 Public + Critical Vuln | B14: 0 | D14: TS (base) | E14: =E4*B4 + E5*B5 + E6*B6 + E7*B7 -> 0.305 | G14: Allow < | H14: 0.25
D15: TS' (BR adjusted) | E15: =E14*(1 + E8*B8) -> 0.3355 | G15: Restrict < | H15: 0.5 | J15: 5. Decision Thresholds
A16: Suggested Enforcement Actions (by domain) | G16: Quarantine < | H16: 0.75 | J16: TS' < 0.25 → ALLOW TS' < 0.50 → RESTRICT TS' < 0.75 → QUARANTINE TS' ≥ 0.75 → ISOLATE
A17: ALLOW | B17: No change; continue monitoring | D17: Decision | E17: =IF(E11=1,"DENY (Gate Triggered)",IF(E15<$H$14,"ALLOW",IF(E15<$H$15,"RESTRICT",IF(E15<$H$16,"QUARANTINE","ISOLATE")))) -> RESTRICT | G17: Isolate ≥ | H17: 0.75
A18: RESTRICT | B18: K8s: tighten egress; VM: host firewall restrict; AWS: tighten Security Groups / session constraints | J18: 6. Enforcement Mapping
A19: QUARANTINE | B19: K8s: quarantine namespace/pod; VM: isolate host/VLAN; AWS: revoke session + SG lockdown | J19: RESTRICT: Tighten network/firewall QUARANTINE: Isolate workload ISOLATE: Full isolation + credential revoke
A20: ISOLATE | B20: Full isolation + credential revocation + incident workflow (rotate secrets, snapshot, forensics)
J21: 7. Operational Flow
J22: Telemetry → Score → Gate Check → Action → Enforcement → Audit Log

Sheet Trust_Case_Log
A1: Case ID | B1: Scenario Name | C1: Workload Type (K8s/VM/AWS) | D1: IR | E1: VR | F1: RR | G1: ER | H1: BR | I1: α | J1: β | K1: γ | L1: δ | M1: λ | N1: G1 Unsigned Image | O1: G2 Privileged Workload | P1: G3 Identity Missing | Q1: G4 Public+Critical Vuln | R1: TS (base) | S1: TS' (BR adjusted) | T1: Decision | U1: K8s Admission Action | V1: K8s NetworkPolicy Action | W1: VM Firewall Action | X1: AWS IAM Action | Y1: AWS Network Action | Z1: Notes
A2: C-001 | B2: Unsigned image deploy attempt | C2: K8s | D2: 0.2 | E2: 0.4 | F2: 0.1 | G2: 0.3 | H2: 0.3 | I2: 0.25 | J2: 0.25 | K2: 0.3 | L2: 0.2 | M2: 0.5 | N2: 1 | O2: 0 | P2: 0 | Q2: 0 | R2: =I2*D2+J2*E2+K2*F2+L2*G2 -> 0.24 | S2: =R2*(1+M2*H2) -> 0.276 | T2: =IF(SUM(N2:Q2)>0,"DENY (Gate Triggered)",IF(S2<0.25,"ALLOW",IF(S2<0.5,"RESTRICT",IF(S2<0.75,"QUARANTINE","ISOLATE")))) -> DENY (Gate Triggered) | U2: =IFERROR(VLOOKUP($T2,Decision_to_PEP_Actions!$A:$K,2,FALSE),"") -> Deny admission (hard gate) | V2: =IFERROR(VLOOKUP($T2,Decision_to_PEP_Actions!$A:$K,3,FALSE),"") -> Apply emergency deny profile (optional) | W2: =IFERROR(VLOOKUP($T2,Decision_to_PEP_Actions!$A:$K,5,FALSE),"") -> N/A | X2: =IFERROR(VLOOKUP($T2,Decision_to_PEP_Actions!$A:$K,7,FALSE),"") -> Revoke if credential-related gate | Y2: =IFERROR(VLOOKUP($T2,Decision_to_PEP_Actions!$A:$K,8,FALSE),"") -> Lockdown if exposure-related gate
A3: C-002 | B3: Over-privileged IAM role detected | C3: AWS | D3: 0.6 | E3: 0.2 | F3: 0.1 | G3: 0.4 | H3: 0.6 | I3: 0.25 | J3: 0.25 | K3: 0.3 | L3: 0.2 | M3: 0.5 | N3: 0 | O3: 0 | P3: 0 | Q3: 0 | R3: =I3*D3+J3*E3+K3*F3+L3*G3 -> 0.31 | S3: =R3*(1+M3*H3) -> 0.403 | T3: =IF(SUM(N3:Q3)>0,"DENY (Gate Triggered)",IF(S3<0.25,"ALLOW",IF(S3<0.5,"RESTRICT",IF(S3<0.75,"QUARANTINE","ISOLATE")))) -> RESTRICT | U3: =IFERROR(VLOOKUP($T3,Decision_to_PEP_Actions!$A:$K,2,FALSE),"") -> Tighten admission policy (optional) | V3: =IFERROR(VLOOKUP($T3,Decision_to_PEP_Actions!$A:$K,3,FALSE),"") -> Apply egress restriction profile | W3: =IFERROR(VLOOKUP($T3,Decision_to_PEP_Actions!$A:$K,5,FALSE),"") -> Restrict outbound to approved destinations | X3: =IFERROR(VLOOKUP($T3,Decision_to_PEP_Actions!$A:$K,7,FALSE),"") -> Apply session constraints / reduce permissions (policy boundary) | Y3: =IFERROR(VLOOKUP($T3,Decision_to_PEP_Actions!$A:$K,8,FALSE),"") -> Tighten SG egress; remove wide ingress
A4: C-003 | B4: VM lateral movement attempt | C4: VM | D4: 0.4 | E4: 0.3 | F4: 0.8 | G4: 0.3 | H4: 0.7 | I4: 0.25 | J4: 0.25 | K4: 0.3 | L4: 0.2 | M4: 0.5 | N4: 0 | O4: 0 | P4: 0 | Q4: 0 | R4: =I4*D4+J4*E4+K4*F4+L4*G4 -> 0.475 | S4: =R4*(1+M4*H4) -> 0.64125 | T4: =IF(SUM(N4:Q4)>0,"DENY (Gate Triggered)",IF(S4<0.25,"ALLOW",IF(S4<0.5,"RESTRICT",IF(S4<0.75,"QUARANTINE","ISOLATE")))) -> QUARANTINE | U4: =IFERROR(VLOOKUP($T4,Decision_to_PEP_Actions!$A:$K,2,FALSE),"") -> Block new deploys for workload/namespace | V4: =IFERROR(VLOOKUP($T4,Decision_to_PEP_Actions!$A:$K,3,FALSE),"") -> Quarantine namespace/pod; deny east-west except IR tools | W4: =IFERROR(VLOOKUP($T4,Decision_to_PEP_Actions!$A:$K,5,FALSE),"") -> Isolate host: block all except IR VLAN/collector | X4: =IFERROR(VLOOKUP($T4,Decision_to_PEP_Actions!$A:$K,7,FALSE),"") -> Revoke STS sessions for related role; disable access keys | Y4: =IFERROR(VLOOKUP($T4,Decision_to_PEP_Actions!$A:$K,8,FALSE),"") -> Lockdown SG to IR endpoints only
A5: C-004 | B5: Public service + critical vuln | C5: AWS,K8s | D5: 0.3 | E5: 0.9 | F5: 0.2 | G5: 0.9 | H5: 0.8 | I5: 0.25 | J5: 0.25 | K5: 0.3 | L5: 0.2 | M5: 0.5 | N5: 0 | O5: 0 | P5: 0 | Q5: 1 | R5: =I5*D5+J5*E5+K5*F5+L5*G5 -> 0.54 | S5: =R5*(1+M5*H5) -> 0.756 | T5: =IF(SUM(N5:Q5)>0,"DENY (Gate Triggered)",IF(S5<0.25,"ALLOW",IF(S5<0.5,"RESTRICT",IF(S5<0.75,"QUARANTINE","ISOLATE")))) -> DENY (Gate Triggered) | U5: =IFERROR(VLOOKUP($T5,Decision_to_PEP_Actions!$A:$K,2,FALSE),"") -> Deny admission (hard gate) | V5: =IFERROR(VLOOKUP($T5,Decision_to_PEP_Actions!$A:$K,3,FALSE),"") -> Apply emergency deny profile (optional) | W5: =IFERROR(VLOOKUP($T5,Decision_to_PEP_Actions!$A:$K,5,FALSE),"") -> N/A | X5: =IFERROR(VLOOKUP($T5,Decision_to_PEP_Actions!$A:$K,7,FALSE),"") -> Revoke if credential-related gate | Y5: =IFERROR(VLOOKUP($T5,Decision_to_PEP_Actions!$A:$K,8,FALSE),"") -> Lockdown if exposure-related gate
